{
  "c2pa": {
    "version": "1.3-valor",
    "manifests": [
      {
        "relationship": "self",
        "claim_generator": "ValorAi+ Canon v2"
      }
    ],
    "assertions": [
      {
        "label": "stds.schema-org/Asset",
        "data": {
          "id": "ipfs://bafy...",
          "name": "VALOR ASSET #7226"
        }
      },
      {
        "label": "valor/proof",
        "data": {
          "canonicalization": "JCS (RFC 8785)",
          "hash_alg": [
            "sha256",
            "sha3-256",
            "blake2b-512"
          ]
        }
      }
    ],
    "ingredients": [
      {
        "relationship": "derivedFrom",
        "ref": "ipfs://parentCID",
        "assertions": []
      }
    ]
  }
}