{
  "$schema": "https://json-schema.org/draft/2020-12/schema",
  "title": "Release Manifest",
  "type": "object",
  "properties": {
    "name": {
      "type": "string"
    },
    "version": {
      "type": "string"
    },
    "created_at": {
      "type": "string",
      "format": "date-time"
    },
    "files": {
      "type": "array",
      "items": {
        "type": "object",
        "properties": {
          "path": {
            "type": "string"
          },
          "sha256": {
            "type": "string",
            "pattern": "^[0-9a-f]{64}$"
          },
          "bytes": {
            "type": "integer",
            "minimum": 0
          }
        },
        "required": [
          "path",
          "sha256",
          "bytes"
        ]
      }
    }
  },
  "required": [
    "name",
    "version",
    "created_at",
    "files"
  ]
}