{
  "$id": "https://18fu.cash/valor/policy/policy.schema.json",
  "type": "object",
  "additionalProperties": false,
  "required": [
    "id",
    "version",
    "terms",
    "conditions",
    "checksums"
  ],
  "properties": {
    "id": {
      "type": "string"
    },
    "version": {
      "type": "string"
    },
    "terms": {
      "type": "object"
    },
    "conditions": {
      "type": "array",
      "items": {
        "type": "object"
      }
    },
    "checksums": {
      "type": "object",
      "properties": {
        "sha256": {
          "type": "string"
        }
      }
    }
  }
}