{
  "VALORAI_FINANCE_MODEL_V1": {
    "ipfs_hash": "QmValorFinanceModelV1Hash",
    "description": "Valor AI+ Finance Risk Model v1",
    "version": "1.0.0",
    "owner": "That's Edutainment LLC / Valor Ai+"
  },
  "PAYMENTS_AUDIT_DASHBOARD": {
    "description": "Dashboard UI components for payments audit",
    "path": "/payments-audit/dashboard.tsx"
  },
  "TIKTOK_SCRAPER_MODULE": {
    "description": "Module for TikTok video stats scraping",
    "path": "/tiktok-scraper/index.ts"
  },
  "governance_rules": {
    "voting_threshold": 0.6,
    "permissions": ["admin", "moderator", "auditor"]
  }
}